Generation;Population TF;Population PR;Fitness;Std;Avg;Min;Best Fitness;Std;Best Individual TF;Best Individual PR
0;[[34, 32, 24, 21], [14, 34, 32, 24, 21], [34, 32, 24, 21], [34, 32, 24, 21], [34, 32, 24, 21]];[[[0,33, 0,85, 0,83, 0,67], [0,84, 0,13, 0,17, 0,35], [0,5, 0,15, 0,03, 0,07]], [[0,26, 0,33, 0,85, 0,83, 0,67], [0,47, 0,84, 0,13, 0,17, 0,35], [0,77, 0,5, 0,15, 0,03, 0,07]], [[0,66, 0,85, 0,83, 0,67], [0,84, 0,13, 0,17, 0,35], [0,5, 0,15, 0,03, 0,07]], [[0,33, 0,85, 0,83, 0,67], [0,84, 0,13, 0,81, 0,35], [0,5, 0,15, 0,03, 0,07]], [[0,33, 0,85, 0,83, 0,67], [0,84, 0,13, 0,17, 0,35], [0,5, 0,84, 0,03, 0,07]]];[78,58678018 78,9679333  79,57232107 80,19345337 77,92505341];[1,64584536 1,48677196 1,93769146 0,82864661 2,24849492];79,04910826403527;77,9250534059028;80,1934533736862;0,828646610945908;[34 32 24 21];"[[0,33 0,85 0,83 0,67]  [0,84 0,13 0,81 0,35]  [0,5  0,15 0,03 0,07]]"
1;[[34, 32, 24, 21], [34, 32, 10, 24, 21], [34, 32, 24, 21], [34, 32, 24, 21], [34, 32, 24, 21]];[[[0,33, 0,85, 0,83, 0,67], [0,84, 0,13, 0,81, 0,35], [0,5, 0,15, 0,03, 0,07]], [[0,33, 0,85, 0,51, 0,83, 0,67], [0,84, 0,13, 0,31, 0,81, 0,35], [0,5, 0,15, 0,54, 0,03, 0,07]], [[0,33, 0,85, 0,83, 0,67], [0,84, 0,13, 0,81, 0,35], [0,69, 0,15, 0,03, 0,07]], [[0,33, 0,85, 0,83, 0,67], [0,84, 0,13, 0,61, 0,35], [0,5, 0,15, 0,03, 0,07]], [[0,33, 0,85, 0,83, 0,67], [0,84, 0,13, 0,02, 0,35], [0,5, 0,15, 0,03, 0,07]]];[79,4624171  77,33897177 78,44830118 79,94661916 79,34081921];[1,4558809  1,37176544 2,56456803 1,0459895  0,67103817];78,90742568363119;77,3389717747482;79,94661915898675;1,0459894965070073;[34 32 24 21];"[[0,33 0,85 0,83 0,67]  [0,84 0,13 0,61 0,35]  [0,5  0,15 0,03 0,07]]"
2;[[34, 32, 24, 21], [34, 32, 24, 21], [34, 32, 24, 21], [34, 32, 24, 29, 21], [34, 32, 24, 21]];[[[0,33, 0,85, 0,83, 0,67], [0,84, 0,13, 0,61, 0,35], [0,5, 0,15, 0,03, 0,07]], [[0,33, 0,85, 0,83, 0,67], [0,84, 0,13, 0,61, 0,35], [0,5, 0,15, 0,03, 0,13]], [[0,33, 0,85, 0,83, 0,67], [0,84, 0,43, 0,61, 0,35], [0,5, 0,15, 0,03, 0,07]], [[0,33, 0,85, 0,83, 0,77, 0,67], [0,84, 0,13, 0,61, 0,55, 0,35], [0,5, 0,15, 0,03, 0,6, 0,07]], [[0,33, 0,85, 0,83, 0,95], [0,84, 0,13, 0,61, 0,35], [0,5, 0,15, 0,03, 0,07]]];[79,43595245 80,00175806 80,06425972 77,53480759 78,74238163];[2,20206778 0,49507949 1,10141827 2,03709272 1,77340079];79,15583189112677;77,53480759343059;80,06425971934631;1,1014182738351164;[34 32 24 21];"[[0,33 0,85 0,83 0,67]  [0,84 0,43 0,61 0,35]  [0,5  0,15 0,03 0,07]]"
3;[[34, 32, 24, 21], [34, 32, 24, 21], [34, 32, 24, 21], [34, 32, 24, 21], [34, 9, 32, 24, 21]];[[[0,33, 0,85, 0,83, 0,67], [0,84, 0,43, 0,61, 0,35], [0,5, 0,15, 0,03, 0,07]], [[0,33, 0,85, 0,83, 0,67], [0,84, 0,43, 0,61, 0,64], [0,5, 0,15, 0,03, 0,07]], [[0,33, 0,85, 0,83, 0,67], [0,84, 0,43, 0,61, 0,06], [0,5, 0,15, 0,03, 0,07]], [[0,33, 0,85, 0,83, 0,67], [0,21, 0,43, 0,61, 0,35], [0,5, 0,15, 0,03, 0,07]], [[0,33, 0,02, 0,85, 0,83, 0,67], [0,84, 0,75, 0,43, 0,61, 0,35], [0,5, 0,64, 0,15, 0,03, 0,07]]];[79,5581507  79,01823952 79,40949736 80,17797193 79,69093953];[0,57326031 1,52048986 1,54394836 1,32449822 1,46172443];79,57095980867753;79,01823952215462;80,17797192955445;1,3244982218825359;[34 32 24 21];"[[0,33 0,85 0,83 0,67]  [0,21 0,43 0,61 0,35]  [0,5  0,15 0,03 0,07]]"
4;[[34, 32, 24, 21], [37, 32, 24, 21], [34, 32, 24, 21], [34, 32, 35, 24, 21], [34, 32, 24, 21]];[[[0,33, 0,85, 0,83, 0,67], [0,21, 0,43, 0,61, 0,35], [0,5, 0,15, 0,03, 0,07]], [[0,33, 0,85, 0,83, 0,67], [0,21, 0,43, 0,61, 0,35], [0,5, 0,15, 0,03, 0,07]], [[0,33, 0,85, 0,83, 0,67], [0,21, 0,43, 0,61, 0,35], [0,5, 0,15, 0,03, 0,78]], [[0,33, 0,85, 0,6, 0,83, 0,67], [0,21, 0,43, 1,0, 0,61, 0,35], [0,5, 0,15, 0,86, 0,03, 0,07]], [[0,33, 0,85, 0,83, 0,67], [0,21, 0,43, 0,61, 0,35], [0,5, 0,15, 0,03, 0,46]]];[78,71529776 79,86144919 79,2544576  78,63067668 79,87311744];[3,34429297 0,70932234 1,31968025 1,39620682 1,64755357];79,26699973677613;78,63067668455311;79,87311744046075;1,64755356959982;[34 32 24 21];"[[0,33 0,85 0,83 0,67]  [0,21 0,43 0,61 0,35]  [0,5  0,15 0,03 0,46]]"
5;[[34, 32, 24, 21], [34, 32, 24, 21], [34, 31, 24, 21], [34, 32, 24, 4, 21], [34, 32, 24, 21]];[[[0,33, 0,85, 0,83, 0,67], [0,21, 0,43, 0,61, 0,35], [0,5, 0,15, 0,03, 0,46]], [[0,33, 0,85, 0,83, 0,67], [0,21, 0,43, 0,59, 0,35], [0,5, 0,15, 0,03, 0,46]], [[0,33, 0,85, 0,83, 0,67], [0,21, 0,43, 0,61, 0,35], [0,5, 0,15, 0,03, 0,46]], [[0,33, 0,85, 0,83, 0,36, 0,67], [0,21, 0,43, 0,61, 0,27, 0,35], [0,5, 0,15, 0,03, 0,07, 0,46]], [[0,19, 0,85, 0,83, 0,67], [0,21, 0,43, 0,61, 0,35], [0,5, 0,15, 0,03, 0,46]]];[80,40927893 78,78698025 78,42057433 80,00391588 79,44872208];[1,5061501  1,43838054 3,00348029 0,72845326 2,14431655];79,41389429427363;78,42057432563901;80,40927893177063;1,5061500975284308;[34 32 24 21];"[[0,33 0,85 0,83 0,67]  [0,21 0,43 0,61 0,35]  [0,5  0,15 0,03 0,46]]"
6;[[34, 32, 24, 21], [34, 32, 30, 21], [34, 32, 24, 21], [34, 32, 24, 21], [34, 32, 24, 21]];[[[0,33, 0,85, 0,83, 0,67], [0,21, 0,43, 0,61, 0,35], [0,5, 0,15, 0,03, 0,46]], [[0,33, 0,85, 0,83, 0,67], [0,21, 0,43, 0,61, 0,35], [0,5, 0,15, 0,03, 0,46]], [[0,67, 0,85, 0,83, 0,67], [0,21, 0,43, 0,61, 0,35], [0,5, 0,15, 0,03, 0,46]], [[0,33, 0,85, 0,83, 0,67], [0,62, 0,43, 0,61, 0,35], [0,5, 0,15, 0,03, 0,46]], [[0,33, 0,85, 0,83, 0,67], [0,21, 0,24, 0,61, 0,35], [0,5, 0,15, 0,03, 0,46]]];[78,4216936  77,98684264 79,51057553 79,92358459 80,00916361];[2,24664999 1,84241937 1,61481268 1,02093035 0,39972454];79,17037199167972;77,98684264272636;80,00916360564811;0,3997245380947821;[34 32 24 21];"[[0,33 0,85 0,83 0,67]  [0,21 0,24 0,61 0,35]  [0,5  0,15 0,03 0,46]]"
7;[[34, 32, 24, 21], [34, 32, 24], [34, 32, 34, 24, 21], [34, 32, 24, 21], [34, 32, 1, 21]];[[[0,33, 0,85, 0,83, 0,67], [0,21, 0,24, 0,61, 0,35], [0,5, 0,15, 0,03, 0,46]], [[0,33, 0,85, 0,83], [0,21, 0,24, 0,61], [0,5, 0,15, 0,03]], [[0,33, 0,85, 0,47, 0,83, 0,67], [0,21, 0,24, 0,84, 0,61, 0,35], [0,5, 0,15, 0,25, 0,03, 0,46]], [[0,33, 0,85, 0,83, 0,67], [0,21, 0,24, 0,61, 0,35], [0,5, 0,85, 0,03, 0,46]], [[0,33, 0,85, 0,83, 0,67], [0,21, 0,24, 0,61, 0,35], [0,5, 0,15, 0,03, 0,46]]];[79,28144399 78,58275961 79,48048393 79,57228305 78,81489293];[1,1753505  0,94493329 0,93098275 1,79357159 0,46657948];79,14637270195645;78,58275961323022;79,57228304639678;1,7935715861832617;[34 32 24 21];"[[0,33 0,85 0,83 0,67]  [0,21 0,24 0,61 0,35]  [0,5  0,85 0,03 0,46]]"
8;[[34, 32, 24, 21], [34, 24, 21], [34, 32, 24, 21], [34, 5, 24, 21], [34, 32, 24, 21]];[[[0,33, 0,85, 0,83, 0,67], [0,21, 0,24, 0,61, 0,35], [0,5, 0,85, 0,03, 0,46]], [[0,33, 0,83, 0,67], [0,21, 0,61, 0,35], [0,5, 0,03, 0,46]], [[0,33, 0,85, 0,77, 0,67], [0,21, 0,24, 0,61, 0,35], [0,5, 0,85, 0,03, 0,46]], [[0,33, 0,85, 0,83, 0,67], [0,21, 0,24, 0,61, 0,35], [0,5, 0,85, 0,03, 0,46]], [[0,43, 0,85, 0,83, 0,67], [0,21, 0,24, 0,61, 0,35], [0,5, 0,85, 0,03, 0,46]]];[78,51382515 79,96994267 78,17383381 78,20896442 79,46551343];[1,91635328 0,7776221  2,57365336 1,59450902 1,80026831];78,8664158981622;78,1738338109416;79,96994267256224;0,7776220974050478;[34 24 21];"[[0,33 0,83 0,67]  [0,21 0,61 0,35]  [0,5  0,03 0,46]]"
9;[[34, 24, 21], [34, 24, 29], [34, 24, 21], [34, 22, 21], [3, 34, 24, 21]];[[[0,33, 0,83, 0,67], [0,21, 0,61, 0,35], [0,5, 0,03, 0,46]], [[0,33, 0,83, 0,67], [0,21, 0,61, 0,35], [0,5, 0,03, 0,46]], [[0,33, 0,83, 0,67], [0,21, 0,61, 0,21], [0,5, 0,03, 0,46]], [[0,33, 0,83, 0,67], [0,21, 0,61, 0,35], [0,5, 0,03, 0,46]], [[0,55, 0,33, 0,83, 0,67], [0,36, 0,21, 0,61, 0,35], [0,75, 0,5, 0,03, 0,46]]];[80,47162204 78,4381533  79,74695364 80,25552464 78,49140978];[1,48058198 0,47482273 1,0805998  1,90969766 2,341475  ];79,48073267945422;78,43815330002776;80,47162203605079;1,480581975366355;[34 24 21];"[[0,33 0,83 0,67]  [0,21 0,61 0,35]  [0,5  0,03 0,46]]"
10;[[34, 24, 21], [34, 24, 21], [34, 24, 30], [34, 24, 21], [34, 24, 21]];[[[0,33, 0,83, 0,67], [0,21, 0,61, 0,35], [0,5, 0,03, 0,46]], [[0,33, 0,83, 0,67], [0,21, 0,74, 0,35], [0,5, 0,03, 0,46]], [[0,33, 0,83, 0,67], [0,21, 0,61, 0,35], [0,5, 0,03, 0,46]], [[0,33, 0,83, 0,67], [0,21, 0,61, 0,35], [0,37, 0,03, 0,46]], [[0,33, 0,83, 0,67], [0,21, 0,61, 0,35], [0,5, 0,03, 0,35]]];[79,52033221 80,5154659  78,84345883 79,90837079 79,92705932];[3,36113877 0,67548648 1,08193585 1,22408654 2,11099334];79,74293740944596;78,84345882550596;80,5154658994734;0,6754864782410231;[34 24 21];"[[0,33 0,83 0,67]  [0,21 0,74 0,35]  [0,5  0,03 0,46]]"
11;[[34, 24, 21], [34, 28, 21], [34, 24, 21], [6, 34, 24, 21], [34, 24, 21]];[[[0,33, 0,83, 0,67], [0,21, 0,74, 0,35], [0,5, 0,03, 0,46]], [[0,33, 0,83, 0,67], [0,21, 0,74, 0,35], [0,5, 0,03, 0,46]], [[0,33, 0,83, 0,67], [0,21, 0,74, 0,35], [0,5, 0,7, 0,46]], [[0,83, 0,33, 0,83, 0,67], [0,55, 0,21, 0,74, 0,35], [0,44, 0,5, 0,03, 0,46]], [[0,33, 0,83, 0,67], [0,64, 0,74, 0,35], [0,5, 0,03, 0,46]]];[78,4648214  77,0543062  80,90241022 79,10240302 80,4870021 ];[2,81595775 3,22621125 1,36930594 2,13470066 0,76858529];79,20218858797934;77,05430620315184;80,9024102153152;1,369305936173536;[34 24 21];"[[0,33 0,83 0,67]  [0,21 0,74 0,35]  [0,5  0,7  0,46]]"
12;[[34, 24, 21], [34, 24, 21], [34, 24, 21], [26, 34, 24, 21], [34, 24, 21]];[[[0,33, 0,83, 0,67], [0,21, 0,74, 0,35], [0,5, 0,7, 0,46]], [[0,11, 0,83, 0,67], [0,21, 0,74, 0,35], [0,5, 0,7, 0,46]], [[0,33, 0,83, 0,67], [0,21, 0,18, 0,35], [0,5, 0,7, 0,46]], [[0,12, 0,33, 0,83, 0,67], [0,81, 0,21, 0,74, 0,35], [0,14, 0,5, 0,7, 0,46]], [[0,33, 0,83, 0,67], [0,21, 0,74, 0,35], [0,5, 0,7, 0,67]]];[80,80942774 81,21191832 81,11383957 78,29340325 79,59589047];[0,43890965 0,86496969 1,38847847 3,15643032 2,71222493];80,20489586930015;78,29340325274042;81,21191832176888;0,8649696890416962;[34 24 21];"[[0,11 0,83 0,67]  [0,21 0,74 0,35]  [0,5  0,7  0,46]]"
13;[[34, 24, 21], [34, 24, 21], [34, 24, 20, 21], [34, 24, 21], [16, 24, 21]];[[[0,11, 0,83, 0,67], [0,21, 0,74, 0,35], [0,5, 0,7, 0,46]], [[0,11, 0,83, 0,67], [0,21, 0,03, 0,35], [0,5, 0,7, 0,46]], [[0,11, 0,83, 0,79, 0,67], [0,21, 0,74, 0,48, 0,35], [0,5, 0,7, 0,96, 0,46]], [[0,11, 0,83, 0,67], [0,21, 0,74, 0,11], [0,5, 0,7, 0,46]], [[0,11, 0,83, 0,67], [0,21, 0,74, 0,35], [0,5, 0,7, 0,46]]];[80,43573487 80,58906772 81,24413289 79,4373769  79,40832461];[1,05117438 1,24557843 0,85816741 1,04333702 2,42427423];80,22292739572472;79,40832460618718;81,24413288739179;0,8581674051497823;[34 24 20 21];"[[0,11 0,83 0,79 0,67]  [0,21 0,74 0,48 0,35]  [0,5  0,7  0,96 0,46]]"
14;[[34, 24, 20, 21], [34, 24, 20, 13, 21], [34, 24, 20, 21], [34, 32, 20, 21], [34, 24, 20, 21]];[[[0,11, 0,83, 0,79, 0,67], [0,21, 0,74, 0,48, 0,35], [0,5, 0,7, 0,96, 0,46]], [[0,11, 0,83, 0,79, 0,76, 0,67], [0,21, 0,74, 0,48, 0,17, 0,35], [0,5, 0,7, 0,96, 0,36, 0,46]], [[0,11, 0,83, 0,79, 0,67], [0,21, 0,74, 0,48, 0,35], [0,4, 0,7, 0,96, 0,46]], [[0,11, 0,83, 0,79, 0,67], [0,21, 0,74, 0,48, 0,35], [0,5, 0,7, 0,96, 0,46]], [[0,74, 0,83, 0,79, 0,67], [0,21, 0,74, 0,48, 0,35], [0,5, 0,7, 0,96, 0,46]]];[79,90656784 79,66978823 76,75227699 79,06634902 79,97558344];[1,1308848  1,25756527 3,54851957 1,83451698 2,1165932 ];79,07411310596164;76,75227699118527;79,97558343773777;2,116593196278614;[34 24 20 21];"[[0,74 0,83 0,79 0,67]  [0,21 0,74 0,48 0,35]  [0,5  0,7  0,96 0,46]]"
15;[[34, 24, 20, 21], [34, 24, 20, 21], [34, 24, 20, 21], [34, 24, 21], [34, 24, 20, 21]];[[[0,74, 0,83, 0,79, 0,67], [0,21, 0,74, 0,48, 0,35], [0,5, 0,7, 0,96, 0,46]], [[0,74, 0,83, 0,79, 0,67], [0,21, 0,74, 0,48, 0,35], [0,36, 0,7, 0,96, 0,46]], [[0,74, 0,83, 0,79, 0,67], [0,21, 1,0, 0,48, 0,35], [0,5, 0,7, 0,96, 0,46]], [[0,74, 0,83, 0,67], [0,21, 0,74, 0,35], [0,5, 0,7, 0,46]], [[0,74, 0,83, 0,79, 0,67], [0,21, 0,74, 0,48, 0,35], [0,41, 0,7, 0,96, 0,46]]];[79,04222184 80,44359052 80,68922995 81,24494879 79,86634061];[3,0303788  0,42994182 0,40941613 0,95693418 0,78460769];80,25726634396896;79,042221839913;81,24494879220691;0,9569341758479695;[34 24 21];"[[0,74 0,83 0,67]  [0,21 0,74 0,35]  [0,5  0,7  0,46]]"
16;[[34, 24, 21], [34, 24, 21], [34, 24, 21], [34, 24], [25, 24, 21]];[[[0,74, 0,83, 0,67], [0,21, 0,74, 0,35], [0,5, 0,7, 0,46]], [[0,74, 0,83, 0,09], [0,21, 0,74, 0,35], [0,5, 0,7, 0,46]], [[0,16, 0,83, 0,67], [0,21, 0,74, 0,35], [0,5, 0,7, 0,46]], [[0,74, 0,83], [0,21, 0,74], [0,5, 0,7]], [[0,74, 0,83, 0,67], [0,21, 0,74, 0,35], [0,5, 0,7, 0,46]]];[80,21482122 80,51112791 80,35696089 79,80983056 80,6058989 ];[0,85521409 1,59092291 1,59030603 0,621527   0,84241181];80,2997278947967;79,8098305591751;80,6058988961614;0,8424118098687958;[25 24 21];"[[0,74 0,83 0,67]  [0,21 0,74 0,35]  [0,5  0,7  0,46]]"
17;[[25, 24, 21], [25, 24, 21], [25, 24, 21], [31, 25, 24, 21], [25, 24, 21]];[[[0,74, 0,83, 0,67], [0,21, 0,74, 0,35], [0,5, 0,7, 0,46]], [[0,82, 0,83, 0,67], [0,21, 0,74, 0,35], [0,5, 0,7, 0,46]], [[0,27, 0,83, 0,67], [0,21, 0,74, 0,35], [0,5, 0,7, 0,46]], [[0,18, 0,74, 0,83, 0,67], [0,43, 0,21, 0,74, 0,35], [0,61, 0,5, 0,7, 0,46]], [[0,74, 0,83, 0,31], [0,21, 0,74, 0,35], [0,5, 0,7, 0,46]]];[80,26473202 80,18720094 80,46251051 79,46199061 80,81497754];[1,17720786 0,64615097 0,78944616 1,33068931 0,88416404];80,23828232353148;79,46199060884086;80,8149775415376;0,8841640367943773;[25 24 21];"[[0,74 0,83 0,31]  [0,21 0,74 0,35]  [0,5  0,7  0,46]]"
18;[[25, 24, 21], [25, 24, 21], [25, 21], [24, 21], [25, 24, 21]];[[[0,74, 0,83, 0,31], [0,21, 0,74, 0,35], [0,5, 0,7, 0,46]], [[0,33, 0,83, 0,31], [0,21, 0,74, 0,35], [0,5, 0,7, 0,46]], [[0,74, 0,31], [0,21, 0,35], [0,5, 0,46]], [[0,83, 0,31], [0,74, 0,35], [0,7, 0,46]], [[0,74, 0,83, 0,31], [0,21, 0,74, 0,35], [0,5, 0,7, 0,02]]];[80,72888731 81,09324804 80,44342339 79,80459172 79,56786451];[1,29991156 0,85464449 0,48905354 1,51585253 2,25226435];80,32760299616936;79,56786451105809;81,09324804045018;0,8546444886580048;[25 24 21];"[[0,33 0,83 0,31]  [0,21 0,74 0,35]  [0,5  0,7  0,46]]"
19;[[25, 24, 21], [25, 24, 21], [31, 24, 21], [25, 24, 21], [25, 24]];[[[0,33, 0,83, 0,31], [0,21, 0,74, 0,35], [0,5, 0,7, 0,46]], [[0,33, 0,22, 0,31], [0,21, 0,74, 0,35], [0,5, 0,7, 0,46]], [[0,33, 0,83, 0,31], [0,21, 0,74, 0,35], [0,5, 0,7, 0,46]], [[0,33, 0,83, 0,79], [0,21, 0,74, 0,35], [0,5, 0,7, 0,46]], [[0,33, 0,83], [0,21, 0,74], [0,5, 0,7]]];[79,36598776 78,90612696 78,4687143  80,97082163 77,64616496];[2,55839445 2,0367049  1,89553474 0,68351851 1,78121144];79,07156312251857;77,64616496098171;80,97082162583531;0,6835185109103885;[25 24 21];"[[0,33 0,83 0,79]  [0,21 0,74 0,35]  [0,5  0,7  0,46]]"
20;[[25, 24, 21], [25, 24, 21], [2, 25, 24, 21], [24, 21], [25, 24, 21]];[[[0,33, 0,83, 0,79], [0,21, 0,74, 0,35], [0,5, 0,7, 0,46]], [[0,33, 0,83, 0,61], [0,21, 0,74, 0,35], [0,5, 0,7, 0,46]], [[0,53, 0,33, 0,83, 0,79], [0,64, 0,21, 0,74, 0,35], [0,55, 0,5, 0,7, 0,46]], [[0,83, 0,79], [0,74, 0,35], [0,7, 0,46]], [[0,33, 0,83, 0,56], [0,21, 0,74, 0,35], [0,5, 0,7, 0,46]]];[80,45033005 80,11582509 79,27751542 81,28879358 80,71521827];[1,76663688 0,63355176 1,02467596 1,05848167 0,70937399];80,36953648147092;79,27751542109542;81,28879357690354;1,0584816717417014;[24 21];"[[0,83 0,79]  [0,74 0,35]  [0,7  0,46]]"
21;[[24, 21], [24, 21], [3, 24, 21], [24, 21], [24, 21]];[[[0,83, 0,79], [0,74, 0,35], [0,7, 0,46]], [[0,97, 0,79], [0,74, 0,35], [0,7, 0,46]], [[0,72, 0,83, 0,79], [0,14, 0,74, 0,35], [0,62, 0,7, 0,46]], [[0,83, 0,05], [0,74, 0,35], [0,7, 0,46]], [[0,83, 0,79], [0,74, 0,49], [0,7, 0,46]]];[79,35136036 80,15630342 79,21858478 80,50736985 80,63049429];[0,76271405 0,75256867 1,18691057 1,19505086 0,88287901];79,97282254023303;79,21858478418804;80,63049428997849;0,8828790101746534;[24 21];"[[0,83 0,79]  [0,74 0,49]  [0,7  0,46]]"
22;[[24, 21], [24, 21], [2, 24, 21], [24], [24, 21]];[[[0,83, 0,79], [0,74, 0,49], [0,7, 0,46]], [[0,83, 0,8], [0,74, 0,49], [0,7, 0,46]], [[0,73, 0,83, 0,79], [0,26, 0,74, 0,49], [0,98, 0,7, 0,46]], [[0,83], [0,74], [0,7]], [[0,0, 0,79], [0,74, 0,49], [0,7, 0,46]]];[80,74148721 80,55619645 78,64118375 78,47511603 79,67287476];[1,50056118 0,87515718 1,47336043 0,76635984 0,52110477];79,61737164029323;78,47511602943774;80,74148720988029;1,5005611816805429;[24 21];"[[0,83 0,79]  [0,74 0,49]  [0,7  0,46]]"
23;[[24, 21], [24, 21], [24], [24, 26, 21], [31, 21]];[[[0,83, 0,79], [0,74, 0,49], [0,7, 0,46]], [[0,83, 0,56], [0,74, 0,49], [0,7, 0,46]], [[0,83], [0,74], [0,7]], [[0,83, 0,66, 0,79], [0,74, 0,45, 0,49], [0,7, 0,32, 0,46]], [[0,83, 0,79], [0,74, 0,49], [0,7, 0,46]]];[80,64831823 80,97054332 78,70213537 80,26990583 79,08640355];[1,31527689 0,83012969 1,23346034 0,13331173 1,02620734];79,93546126033658;78,70213537292302;80,97054332064172;0,830129690877571;[24 21];"[[0,83 0,56]  [0,74 0,49]  [0,7  0,46]]"
24;[[24, 21], [24, 21], [24, 21], [24, 7], [24, 21]];[[[0,83, 0,56], [0,74, 0,49], [0,7, 0,46]], [[0,83, 0,56], [0,74, 0,33], [0,7, 0,46]], [[0,83, 0,56], [0,74, 0,49], [0,7, 0,45]], [[0,83, 0,56], [0,74, 0,49], [0,7, 0,46]], [[0,83, 0,56], [0,74, 0,94], [0,7, 0,46]]];[80,75943326 79,62173363 80,35528931 78,31813454 80,52307701];[1,49994187 0,64646514 1,53286045 3,10972135 1,68615271];79,91553355059001;78,31813453781457;80,75943326437014;1,499941874774695;[24 21];"[[0,83 0,56]  [0,74 0,49]  [0,7  0,46]]"
25;[[24, 21], [24], [24, 21], [24], [24, 12, 21]];[[[0,83, 0,56], [0,74, 0,49], [0,7, 0,46]], [[0,83], [0,74], [0,7]], [[0,83, 0,56], [0,74, 0,43], [0,7, 0,46]], [[0,83], [0,74], [0,7]], [[0,83, 0,57, 0,56], [0,74, 0,84, 0,49], [0,7, 0,56, 0,46]]];[80,70308872 78,10316525 81,3393327  79,18770577 78,6195257 ];[1,0894027  0,87194186 0,92443853 0,29166035 1,88477681];79,5905636286757;78,103165253338;81,33933269757989;0,9244385343702989;[24 21];"[[0,83 0,56]  [0,74 0,43]  [0,7  0,46]]"
26;[[24, 21], [13, 24, 21], [24, 21], [24, 21], [21]];[[[0,83, 0,56], [0,74, 0,43], [0,7, 0,46]], [[0,43, 0,83, 0,56], [0,94, 0,74, 0,43], [0,66, 0,7, 0,46]], [[0,83, 0,77], [0,74, 0,43], [0,7, 0,46]], [[0,83, 0,77], [0,74, 0,43], [0,7, 0,46]], [[0,56], [0,43], [0,46]]];[78,35607731 79,97112928 80,92434002 81,17741576 79,62214881];[4,64094288 0,80673907 0,91338967 1,20579035 1,71649159];80,0102222370518;78,35607730976884;81,17741576159176;1,20579035063843;[24 21];"[[0,83 0,77]  [0,74 0,43]  [0,7  0,46]]"
27;[[24, 21], [8, 21], [24, 21], [24, 21], [25, 21]];[[[0,83, 0,77], [0,74, 0,43], [0,7, 0,46]], [[0,83, 0,77], [0,74, 0,43], [0,7, 0,46]], [[0,83, 0,77], [0,74, 0,43], [0,39, 0,46]], [[0,83, 0,77], [0,74, 0,43], [0,32, 0,46]], [[0,83, 0,77], [0,74, 0,43], [0,7, 0,46]]];[79,23590413 78,25053186 80,84293837 80,75957201 80,39463103];[1,8392199  2,68339277 0,96839484 0,95065421 1,1723847 ];79,89671547962827;78,25053185706953;80,84293836633903;0,9683948397377091;[24 21];"[[0,83 0,77]  [0,74 0,43]  [0,39 0,46]]"
28;[[24, 21], [33, 24, 21], [24, 21], [11, 21], [24, 21]];[[[0,83, 0,77], [0,74, 0,43], [0,39, 0,46]], [[0,57, 0,83, 0,77], [0,83, 0,74, 0,43], [0,45, 0,39, 0,46]], [[0,83, 0,77], [0,74, 0,43], [0,39, 0,23]], [[0,83, 0,77], [0,74, 0,43], [0,39, 0,46]], [[0,83, 0,77], [0,61, 0,43], [0,39, 0,46]]];[81,08258902 80,51415547 77,76262789 77,22628398 79,61562793];[0,51670841 0,59414232 5,34158367 3,48782681 1,50926282];79,24025685569534;77,22628397880251;81,08258901510817;0,5167084081558488;[24 21];"[[0,83 0,77]  [0,74 0,43]  [0,39 0,46]]"
29;[[24, 21], [21], [23, 24, 21], [9, 24, 21], [24]];[[[0,83, 0,77], [0,74, 0,43], [0,39, 0,46]], [[0,77], [0,43], [0,46]], [[0,54, 0,83, 0,77], [0,82, 0,74, 0,43], [0,05, 0,39, 0,46]], [[0,32, 0,83, 0,77], [0,13, 0,74, 0,43], [0,01, 0,39, 0,46]], [[0,83], [0,74], [0,39]]];[80,93497966 80,84775395 80,22616024 80,10145598 78,12248913];[0,64380903 1,31965857 0,68253664 1,20630688 2,01924519];80,04656779139259;78,12248912825223;80,93497965664915;0,643809029764476;[24 21];"[[0,83 0,77]  [0,74 0,43]  [0,39 0,46]]"
30;[[24, 21], [21], [21], [24, 21], [21]];[[[0,83, 0,77], [0,74, 0,43], [0,39, 0,46]], [[0,77], [0,43], [0,46]], [[0,77], [0,43], [0,46]], [[0,83, 0,77], [0,74, 0,43], [0,48, 0,46]], [[0,77], [0,43], [0,46]]];[79,30989119 81,10346502 79,7847362  80,78158552 81,06577905];[2,08122356 1,26384558 1,07478005 0,52312009 1,18370935];80,40909139729632;79,30989118767783;81,10346502368347;1,2638455845200847;[21];"[[0,77]  [0,43]  [0,46]]"
31;[[21], [21], [21], [38, 21], [24]];[[[0,77], [0,43], [0,46]], [[0,77], [0,89], [0,46]], [[0,77], [0,09], [0,46]], [[0,08, 0,77], [0,47, 0,43], [0,78, 0,46]], [[0,77], [0,43], [0,46]]];[80,6175053  80,55159304 80,66774913 81,12227616 77,83254715];[1,34752513 1,45891346 0,94606944 1,18395494 1,03703601];80,15833415735518;77,83254715237547;81,12227616090472;1,1839549399792486;[38 21];"[[0,08 0,77]  [0,47 0,43]  [0,78 0,46]]"
32;[[38, 21], [38, 21], [38, 21], [38, 3, 21], [38, 21]];[[[0,08, 0,77], [0,47, 0,43], [0,78, 0,46]], [[0,08, 0,77], [0,47, 0,04], [0,78, 0,46]], [[0,08, 0,77], [0,47, 0,43], [0,78, 0,71]], [[0,08, 0,07, 0,77], [0,47, 0,2, 0,43], [0,78, 0,92, 0,46]], [[0,35, 0,77], [0,47, 0,43], [0,78, 0,46]]];[80,10148465 80,95000811 79,39736837 80,90881831 80,64478974];[1,10713729 1,07964434 3,10909419 1,18726596 0,75407948];80,40049383599163;79,39736836948909;80,95000810906487;1,0796443439804124;[38 21];"[[0,08 0,77]  [0,47 0,04]  [0,78 0,46]]"
33;[[38, 21], [38, 21], [38, 21], [29, 38, 21], [38, 21]];[[[0,08, 0,77], [0,47, 0,04], [0,78, 0,46]], [[0,33, 0,77], [0,47, 0,04], [0,78, 0,46]], [[0,08, 0,77], [0,47, 0,04], [0,21, 0,46]], [[0,28, 0,08, 0,77], [0,37, 0,47, 0,04], [0,2, 0,78, 0,46]], [[0,08, 0,77], [0,47, 0,04], [0,78, 0,07]]];[80,09955395 80,02212244 80,26557699 80,76901503 79,38919483];[1,39137037 3,23401081 1,35655212 0,30718756 2,224365  ];80,10909264759623;79,38919482688401;80,76901502960429;0,3071875603786775;[29 38 21];"[[0,28 0,08 0,77]  [0,37 0,47 0,04]  [0,2  0,78 0,46]]"
34;[[29, 38, 21], [21, 29, 38, 21], [29, 38, 21], [29, 4, 21], [23, 29, 38, 21]];[[[0,28, 0,08, 0,77], [0,37, 0,47, 0,04], [0,2, 0,78, 0,46]], [[0,01, 0,28, 0,08, 0,77], [0,87, 0,37, 0,47, 0,04], [0,99, 0,2, 0,78, 0,46]], [[0,28, 0,08, 0,77], [0,37, 0,47, 0,86], [0,2, 0,78, 0,46]], [[0,28, 0,08, 0,77], [0,37, 0,47, 0,04], [0,2, 0,78, 0,46]], [[0,31, 0,28, 0,08, 0,77], [0,86, 0,37, 0,47, 0,04], [0,37, 0,2, 0,78, 0,46]]];[80,34446962 80,28110877 80,43599062 78,85939896 79,19489049];[1,04178726 1,10943272 0,93381802 3,58079142 1,11532226];79,82317169119501;78,85939896306427;80,43599061918962;0,9338180248540525;[29 38 21];"[[0,28 0,08 0,77]  [0,37 0,47 0,86]  [0,2  0,78 0,46]]"
35;[[29, 38, 21], [29, 38, 21], [29, 38, 21], [29, 38, 21], [37, 29, 38, 21]];[[[0,28, 0,08, 0,77], [0,37, 0,47, 0,86], [0,2, 0,78, 0,46]], [[0,28, 0,08, 0,77], [0,37, 0,47, 0,86], [0,2, 0,78, 0,4]], [[0,28, 0,08, 0,77], [0,37, 0,47, 0,86], [0,2, 0,78, 0,55]], [[0,28, 0,08, 0,77], [0,37, 0,47, 0,86], [0,2, 0,78, 0,26]], [[0,1, 0,28, 0,08, 0,77], [0,08, 0,37, 0,47, 0,86], [0,02, 0,2, 0,78, 0,46]]];[80,24004347 78,82810167 79,93851556 79,8249499  80,26393509];[0,99024581 1,69778424 0,80778219 1,05134691 0,84784644];79,8191091384536;78,82810167395469;80,26393508950319;0,8478464409506651;[37 29 38 21];"[[0,1  0,28 0,08 0,77]  [0,08 0,37 0,47 0,86]  [0,02 0,2  0,78 0,46]]"
36;[[37, 29, 38, 21], [37, 29, 19, 21], [37, 29, 38], [37, 29, 38, 21], [37, 29, 34, 38, 21]];[[[0,1, 0,28, 0,08, 0,77], [0,08, 0,37, 0,47, 0,86], [0,02, 0,2, 0,78, 0,46]], [[0,1, 0,28, 0,08, 0,77], [0,08, 0,37, 0,47, 0,86], [0,02, 0,2, 0,78, 0,46]], [[0,1, 0,28, 0,08], [0,08, 0,37, 0,47], [0,02, 0,2, 0,78]], [[0,1, 0,28, 0,08, 0,77], [0,08, 0,37, 0,47, 0,86], [0,02, 0,06, 0,78, 0,46]], [[0,1, 0,28, 0,76, 0,08, 0,77], [0,08, 0,37, 0,13, 0,47, 0,86], [0,02, 0,2, 0,85, 0,78, 0,46]]];[81,20433781 78,91313193 78,06064128 80,28831308 79,40916048];[0,8266539  2,70385255 0,70153624 1,02517911 1,72382904];79,57511691506835;78,06064127521654;81,20433781165642;0,8266538988824514;[37 29 38 21];"[[0,1  0,28 0,08 0,77]  [0,08 0,37 0,47 0,86]  [0,02 0,2  0,78 0,46]]"
37;[[37, 29, 38, 21], [37, 29, 38, 21], [37, 29, 38, 21], [37, 29, 38, 21], [37, 30, 29, 38, 21]];[[[0,1, 0,28, 0,08, 0,77], [0,08, 0,37, 0,47, 0,86], [0,02, 0,2, 0,78, 0,46]], [[0,1, 0,28, 0,08, 0,77], [0,08, 0,37, 0,47, 0,86], [0,02, 0,2, 0,74, 0,46]], [[0,1, 0,28, 0,08, 0,75], [0,08, 0,37, 0,47, 0,86], [0,02, 0,2, 0,78, 0,46]], [[0,1, 0,28, 0,08, 0,77], [0,08, 0,37, 0,48, 0,86], [0,02, 0,2, 0,78, 0,46]], [[0,1, 0,53, 0,28, 0,08, 0,77], [0,08, 0,84, 0,37, 0,47, 0,86], [0,02, 0,82, 0,2, 0,78, 0,46]]];[79,88958807 79,96955028 81,03889453 80,2844207  79,61432641];[1,56409491 1,54029921 0,85479035 1,37587417 0,6525538 ];80,15935599673153;79,61432641044844;81,03889453047918;0,8547903494134627;[37 29 38 21];"[[0,1  0,28 0,08 0,75]  [0,08 0,37 0,47 0,86]  [0,02 0,2  0,78 0,46]]"
38;[[37, 29, 38, 21], [37, 38, 21], [37, 38, 21], [37, 29, 38, 21], [37, 29, 38]];[[[0,1, 0,28, 0,08, 0,75], [0,08, 0,37, 0,47, 0,86], [0,02, 0,2, 0,78, 0,46]], [[0,1, 0,08, 0,75], [0,08, 0,47, 0,86], [0,02, 0,78, 0,46]], [[0,1, 0,08, 0,75], [0,08, 0,47, 0,86], [0,02, 0,78, 0,46]], [[0,1, 0,28, 0,08, 0,75], [0,02, 0,37, 0,47, 0,86], [0,02, 0,2, 0,78, 0,46]], [[0,1, 0,28, 0,08], [0,08, 0,37, 0,47], [0,02, 0,2, 0,78]]];[79,69496755 80,09771217 80,25603485 77,82045567 77,52421333];[1,85675735 1,53872159 0,54910804 4,40476603 1,16705384];79,07867671652514;77,52421333116423;80,25603485453102;0,5491080449562638;[37 38 21];"[[0,1  0,08 0,75]  [0,08 0,47 0,86]  [0,02 0,78 0,46]]"
39;[[37, 38, 21], [37, 38, 21], [0, 38, 21], [10, 38, 21], [37, 38, 21]];[[[0,1, 0,08, 0,75], [0,08, 0,47, 0,86], [0,02, 0,78, 0,46]], [[0,1, 0,08, 0,75], [1,0, 0,47, 0,86], [0,02, 0,78, 0,46]], [[0,1, 0,08, 0,75], [0,08, 0,47, 0,86], [0,02, 0,78, 0,46]], [[0,1, 0,08, 0,75], [0,08, 0,47, 0,86], [0,02, 0,78, 0,46]], [[0,1, 0,08, 0,11], [0,08, 0,47, 0,86], [0,02, 0,78, 0,46]]];[80,90913049 80,84260449 81,53796317 80,86237508 79,54536648];[0,6322707  1,11848237 0,95560571 0,75370829 1,38920152];80,73948794261064;79,54536647895165;81,53796317046806;0,9556057086894757;[ 0 38 21];"[[0,1  0,08 0,75]  [0,08 0,47 0,86]  [0,02 0,78 0,46]]"
40;[[0, 38, 21], [0, 38, 21], [0, 38, 13, 21], [0, 38, 21], [0, 21]];[[[0,1, 0,08, 0,75], [0,08, 0,47, 0,86], [0,02, 0,78, 0,46]], [[0,1, 0,08, 0,75], [0,08, 0,47, 0,86], [0,02, 0,21, 0,46]], [[0,1, 0,08, 0,54, 0,75], [0,08, 0,47, 0,84, 0,86], [0,02, 0,78, 0,76, 0,46]], [[0,1, 0,08, 0,75], [0,08, 0,47, 0,96], [0,02, 0,78, 0,46]], [[0,1, 0,75], [0,08, 0,86], [0,02, 0,46]]];[79,07504969 80,85110581 79,31019139 80,72443955 80,76129945];[2,64774148 0,91167031 0,96597347 1,73257471 0,64129165];80,14441717704884;79,07504969051169;80,85110580732504;0,9116703095387448;[ 0 38 21];"[[0,1  0,08 0,75]  [0,08 0,47 0,86]  [0,02 0,21 0,46]]"
41;[[0, 38, 21], [0, 38, 21], [0, 38, 21], [7, 0, 38, 21], [0, 38, 21]];[[[0,1, 0,08, 0,75], [0,08, 0,47, 0,86], [0,02, 0,21, 0,46]], [[0,1, 0,08, 0,75], [0,08, 0,47, 0,73], [0,02, 0,21, 0,46]], [[0,1, 0,08, 0,75], [0,08, 0,47, 0,37], [0,02, 0,21, 0,46]], [[0,95, 0,1, 0,08, 0,75], [0,96, 0,08, 0,47, 0,86], [0,74, 0,02, 0,21, 0,46]], [[0,1, 0,08, 0,75], [0,08, 0,47, 0,86], [0,61, 0,21, 0,46]]];[80,520265   80,4874923  81,05602078 79,45554917 80,8328882 ];[1,15615556 0,66723901 1,24003064 1,22666944 1,18033917];80,47044308921129;79,45554917161353;81,05602078223852;1,2400306377442942;[ 0 38 21];"[[0,1  0,08 0,75]  [0,08 0,47 0,37]  [0,02 0,21 0,46]]"
42;[[0, 38, 21], [33, 38, 21], [0, 38, 22], [0, 38, 21], [0, 21]];[[[0,1, 0,08, 0,75], [0,08, 0,47, 0,37], [0,02, 0,21, 0,46]], [[0,1, 0,08, 0,75], [0,08, 0,47, 0,37], [0,02, 0,21, 0,46]], [[0,1, 0,08, 0,75], [0,08, 0,47, 0,37], [0,02, 0,21, 0,46]], [[0,1, 0,66, 0,75], [0,08, 0,47, 0,37], [0,02, 0,21, 0,46]], [[0,1, 0,75], [0,08, 0,37], [0,02, 0,46]]];[80,45751677 80,24114335 80,79425113 81,38099995 81,264981  ];[1,11608842 1,04267857 0,70236519 0,97747299 0,57574423];80,82777844130275;80,24114335369384;81,38099994817203;0,97747299229073;[ 0 38 21];"[[0,1  0,66 0,75]  [0,08 0,47 0,37]  [0,02 0,21 0,46]]"
43;[[0, 38, 21], [0, 38, 21], [38, 21], [0, 38, 21], [0, 38, 21]];[[[0,1, 0,66, 0,75], [0,08, 0,47, 0,37], [0,02, 0,21, 0,46]], [[0,1, 0,66, 0,75], [0,08, 0,32, 0,37], [0,02, 0,21, 0,46]], [[0,66, 0,75], [0,47, 0,37], [0,21, 0,46]], [[0,1, 0,66, 0,75], [0,08, 0,47, 0,37], [0,02, 0,21, 0,72]], [[0,1, 0,81, 0,75], [0,08, 0,47, 0,37], [0,02, 0,21, 0,46]]];[80,57680976 80,20192919 80,84922852 79,45773581 79,88331961];[0,30645871 1,28153481 1,38598818 1,54870481 0,56918069];80,19380457968148;79,45773581449116;80,84922852267293;1,3859881834841363;[38 21];"[[0,66 0,75]  [0,47 0,37]  [0,21 0,46]]"
44;[[38, 21], [38, 21], [38, 21], [38, 31], [38]];[[[0,66, 0,75], [0,47, 0,37], [0,21, 0,46]], [[0,66, 0,75], [0,47, 0,37], [0,21, 0,77]], [[0,66, 0,75], [0,47, 0,37], [0,32, 0,46]], [[0,66, 0,75], [0,47, 0,37], [0,21, 0,46]], [[0,66], [0,47], [0,21]]];[78,97874473 80,74808459 80,43882943 77,75421593 77,93427443];[3,92907531 0,89564521 1,03854009 0,54471963 0,75446645];79,17082981983002;77,75421592590597;80,74808458779981;0,8956452051899402;[38 21];"[[0,66 0,75]  [0,47 0,37]  [0,21 0,77]]"
45;[[38, 21], [38, 21], [38, 4], [38, 11], [38, 21]];[[[0,66, 0,75], [0,47, 0,37], [0,21, 0,77]], [[0,7, 0,75], [0,47, 0,37], [0,21, 0,77]], [[0,66, 0,75], [0,47, 0,37], [0,21, 0,77]], [[0,66, 0,75], [0,47, 0,37], [0,21, 0,77]], [[0,58, 0,75], [0,47, 0,37], [0,21, 0,77]]];[81,00421517 81,11807036 76,32428629 78,40593771 80,6075626 ];[1,05411117 1,60034898 3,84607262 1,8581936  0,77480931];79,4920144270123;76,3242862946709;81,11807035819035;1,6003489828782187;[38 21];"[[0,7  0,75]  [0,47 0,37]  [0,21 0,77]]"
46;[[38, 21], [38, 21], [38, 21], [35, 38, 21], [38, 21]];[[[0,7, 0,75], [0,47, 0,37], [0,21, 0,77]], [[0,7, 0,75], [0,47, 0,37], [0,08, 0,77]], [[0,7, 0,75], [0,12, 0,37], [0,21, 0,77]], [[0,35, 0,7, 0,75], [0,82, 0,47, 0,37], [0,58, 0,21, 0,77]], [[0,7, 0,75], [0,47, 0,8], [0,21, 0,77]]];[79,92439583 80,27599847 80,46556363 79,14905898 80,31452065];[1,4117726  2,06821988 0,59190058 0,74553013 1,10542227];80,02590751086574;79,1490589756707;80,46556363136169;0,5919005848044001;[38 21];"[[0,7  0,75]  [0,12 0,37]  [0,21 0,77]]"
47;[[38, 21], [38, 21], [38], [38, 21], [21]];[[[0,7, 0,75], [0,12, 0,37], [0,21, 0,77]], [[0,7, 0,25], [0,12, 0,37], [0,21, 0,77]], [[0,7], [0,12], [0,21]], [[0,7, 0,75], [0,12, 0,37], [0,21, 0,81]], [[0,75], [0,37], [0,77]]];[78,65900153 79,56164073 77,37199405 79,85946178 81,43605604];[2,2953632  1,92546069 1,65291401 1,79396854 0,32076843];79,37763082742516;77,37199405231773;81,43605604491859;0,3207684325951531;[21];"[[0,75]  [0,37]  [0,77]]"
48;[[21], [21], [20, 21], [21], [21]];[[[0,75], [0,37], [0,77]], [[0,75], [0,48], [0,77]], [[0,92, 0,75], [0,23, 0,37], [0,91, 0,77]], [[0,75], [0,37], [0,91]], [[0,75], [0,86], [0,77]]];[80,88587925 79,35005441 81,15361633 78,65955977 79,45901551];[1,49917235 1,77652768 0,88497162 2,76470106 4,1528624 ];79,90162505513551;78,659559773416;81,15361633375512;0,8849716194311473;[20 21];"[[0,92 0,75]  [0,23 0,37]  [0,91 0,77]]"
49;[[20, 21], [20, 21], [38, 20, 21], [33, 21], [20, 21]];[[[0,92, 0,75], [0,23, 0,37], [0,91, 0,77]], [[0,92, 0,75], [0,23, 0,37], [0,91, 0,95]], [[0,42, 0,92, 0,75], [0,5, 0,23, 0,37], [0,48, 0,91, 0,77]], [[0,92, 0,75], [0,23, 0,37], [0,91, 0,77]], [[0,87, 0,75], [0,23, 0,37], [0,91, 0,77]]];[79,79267566 81,42041273 80,23420867 79,69066282 80,9546715 ];[1,86422542 0,6085979  0,89273321 2,31615429 0,67404023];80,41852627569126;79,6906628212216;81,42041273063492;0,6085979047886209;[20 21];"[[0,92 0,75]  [0,23 0,37]  [0,91 0,95]]"
50;[[20, 21], [36, 21], [20, 9, 21], [13, 21], [20, 31, 21]];[[[0,92, 0,75], [0,23, 0,37], [0,91, 0,95]], [[0,92, 0,75], [0,23, 0,37], [0,91, 0,95]], [[0,92, 0,06, 0,75], [0,23, 0,84, 0,37], [0,91, 0,42, 0,95]], [[0,92, 0,75], [0,23, 0,37], [0,91, 0,95]], [[0,92, 0,87, 0,75], [0,23, 0,7, 0,37], [0,91, 0,5, 0,95]]];[81,17589771 78,89695311 80,41981851 79,19104796 78,04356274];[0,53361922 1,42943934 0,71822949 2,01676436 1,14286838];79,5454560052544;78,04356273765862;81,17589771073935;0,5336192193890642;[20 21];"[[0,92 0,75]  [0,23 0,37]  [0,91 0,95]]"
51;[[20, 21], [20, 21], [20, 38, 21], [20, 21], [37, 21]];[[[0,92, 0,75], [0,23, 0,37], [0,91, 0,95]], [[0,92, 0,75], [0,04, 0,37], [0,91, 0,95]], [[0,92, 0,67, 0,75], [0,23, 0,12, 0,37], [0,91, 0,03, 0,95]], [[0,92, 0,75], [0,23, 0,42], [0,91, 0,95]], [[0,92, 0,75], [0,23, 0,37], [0,91, 0,95]]];[80,21759563 78,71204341 80,15910475 80,66942333 80,87875974];[1,71381968 3,41817288 1,53393595 1,36276814 1,09369601];80,12738537318079;78,71204341220562;80,8787597354691;1,093696005153826;[37 21];"[[0,92 0,75]  [0,23 0,37]  [0,91 0,95]]"
52;[[37, 21], [37, 21], [4, 21], [37, 21], [37, 21]];[[[0,92, 0,75], [0,23, 0,37], [0,91, 0,95]], [[0,15, 0,75], [0,23, 0,37], [0,91, 0,95]], [[0,92, 0,75], [0,23, 0,37], [0,91, 0,95]], [[0,92, 0,09], [0,23, 0,37], [0,91, 0,95]], [[0,92, 0,75], [0,23, 0,37], [0,91, 0,3]]];[81,09802901 79,22380533 79,72567897 80,68158841 79,23867165];[0,72254843 2,11450031 2,53785535 0,71134027 1,61246428];79,99355467263918;79,22380533317013;81,098029006897;0,7225484287308782;[37 21];"[[0,92 0,75]  [0,23 0,37]  [0,91 0,95]]"
53;[[37, 21], [9, 21], [37, 21], [21], [37, 21]];[[[0,92, 0,75], [0,23, 0,37], [0,91, 0,95]], [[0,92, 0,75], [0,23, 0,37], [0,91, 0,95]], [[0,92, 0,75], [0,69, 0,37], [0,91, 0,95]], [[0,75], [0,37], [0,95]], [[0,92, 0,9], [0,23, 0,37], [0,91, 0,95]]];[80,53513694 79,9042699  80,68106873 80,94301946 80,66537248];[0,90528724 0,8316153  2,20349502 0,71787672 1,09858047];80,54577350432169;79,9042699047779;80,94301946064567;0,717876715798759;[21];"[[0,75]  [0,37]  [0,95]]"
54;[[21], [18, 21], [21], [21], [21]];[[[0,75], [0,37], [0,95]], [[0,63, 0,75], [0,32, 0,37], [0,91, 0,95]], [[0,75], [0,03], [0,95]], [[0,75], [0,37], [0,29]], [[0,16], [0,37], [0,95]]];[80,44060239 81,67296132 79,36244857 80,74061922 80,80384044];[1,17840957 0,80627187 1,98606843 0,95268159 1,10892626];80,60409438927509;79,36244857270098;81,67296132062347;0,8062718657126196;[18 21];"[[0,63 0,75]  [0,32 0,37]  [0,91 0,95]]"
55;[[18, 21], [18], [21], [38, 18, 21], [18, 21]];[[[0,63, 0,75], [0,32, 0,37], [0,91, 0,95]], [[0,63], [0,32], [0,91]], [[0,75], [0,37], [0,95]], [[0,09, 0,63, 0,75], [0,57, 0,32, 0,37], [0,34, 0,91, 0,95]], [[0,63, 0,75], [0,6, 0,37], [0,91, 0,95]]];[80,69369163 79,53020968 81,03735914 79,61020423 81,203643  ];[1,63832331 2,67890084 0,48739364 2,28719142 1,16696745];80,41502153667528;79,53020968408377;81,20364299627998;1,1669674452003174;[18 21];"[[0,63 0,75]  [0,6  0,37]  [0,91 0,95]]"
56;[[18, 21], [12, 21], [18, 21], [0, 21], [21]];[[[0,63, 0,75], [0,6, 0,37], [0,91, 0,95]], [[0,63, 0,75], [0,6, 0,37], [0,91, 0,95]], [[0,63, 0,75], [0,6, 0,37], [0,84, 0,95]], [[0,63, 0,75], [0,6, 0,37], [0,91, 0,95]], [[0,75], [0,37], [0,95]]];[79,68365632 78,8728737  81,00154021 79,44375857 80,94337353];[2,11324921 1,35510892 1,24214256 2,99088358 0,95937548];79,98904046831562;78,87287370121868;81,00154021424777;1,2421425639876713;[18 21];"[[0,63 0,75]  [0,6  0,37]  [0,84 0,95]]"
57;[[18, 21], [32, 21], [18, 21], [18, 17, 21], [18, 21]];[[[0,63, 0,75], [0,6, 0,37], [0,84, 0,95]], [[0,63, 0,75], [0,6, 0,37], [0,84, 0,95]], [[0,75, 0,75], [0,6, 0,37], [0,84, 0,95]], [[0,63, 0,51, 0,75], [0,6, 0,77, 0,37], [0,84, 0,09, 0,95]], [[0,63, 0,75], [0,6, 0,37], [0,93, 0,95]]];[80,31429139 80,22824815 80,35485181 79,95072192 79,38876711];[1,12986932 0,99797531 1,46787869 0,77707453 2,54394439];80,04737607816648;79,38876711110365;80,35485181377193;1,4678786871625729;[18 21];"[[0,75 0,75]  [0,6  0,37]  [0,84 0,95]]"
58;[[18, 21], [18, 21], [18], [18, 21], [18, 21]];[[[0,75, 0,75], [0,6, 0,37], [0,84, 0,95]], [[0,75, 0,75], [0,71, 0,37], [0,84, 0,95]], [[0,75], [0,6], [0,84]], [[0,75, 0,75], [0,08, 0,37], [0,84, 0,95]], [[0,75, 0,75], [0,6, 0,35], [0,84, 0,95]]];[81,19395342 80,78272085 79,58230627 81,04974911 80,72840638];[0,99001547 1,383308   1,21980954 0,41721352 1,77743534];80,66742720576529;79,58230627313715;81,19395342262482;0,9900154737398889;[18 21];"[[0,75 0,75]  [0,6  0,37]  [0,84 0,95]]"
59;[[18, 21], [18, 21], [18, 21], [18, 21], [19, 18, 21]];[[[0,75, 0,75], [0,6, 0,37], [0,84, 0,95]], [[0,75, 0,75], [0,6, 0,37], [0,84, 0,36]], [[0,72, 0,75], [0,6, 0,37], [0,84, 0,95]], [[0,75, 0,75], [0,6, 0,1], [0,84, 0,95]], [[0,32, 0,75, 0,75], [0,14, 0,6, 0,37], [0,37, 0,84, 0,95]]];[81,17379716 79,26177857 80,6597532  81,3453661  79,82700487];[0,80939564 1,5944254  0,93985454 0,67097642 1,56123495];80,45353997689922;79,26177856633275;81,34536609522105;0,6709764194930683;[18 21];"[[0,75 0,75]  [0,6  0,1 ]  [0,84 0,95]]"
60;[[18, 21], [34, 18, 21], [18, 21], [18, 26, 21], [18, 21]];[[[0,75, 0,75], [0,6, 0,1], [0,84, 0,95]], [[0,5, 0,75, 0,75], [0,3, 0,6, 0,1], [0,99, 0,84, 0,95]], [[0,75, 0,93], [0,6, 0,1], [0,84, 0,95]], [[0,75, 0,65, 0,75], [0,6, 0,51, 0,1], [0,84, 0,86, 0,95]], [[0,75, 0,85], [0,6, 0,1], [0,84, 0,95]]];[81,05558298 79,17307606 81,23242524 80,29419216 80,58418668];[0,96177161 2,50724287 1,23076541 1,10489582 1,32564738];80,46789262241795;79,17307605592357;81,23242523888823;1,2307654064369755;[18 21];"[[0,75 0,93]  [0,6  0,1 ]  [0,84 0,95]]"
61;[[18, 21], [18, 21], [18, 21], [18, 21], [17, 21]];[[[0,75, 0,93], [0,6, 0,1], [0,84, 0,95]], [[0,42, 0,93], [0,6, 0,1], [0,84, 0,95]], [[0,75, 0,93], [0,6, 0,1], [0,36, 0,95]], [[0,75, 0,86], [0,6, 0,1], [0,84, 0,95]], [[0,75, 0,93], [0,6, 0,1], [0,84, 0,95]]];[81,22373449 79,83500777 80,61284236 81,02872889 80,41182814];[0,90534493 2,71655612 1,10822294 1,38491146 1,22638772];80,62242832908846;79,83500777040481;81,22373448811175;0,9053449335467195;[18 21];"[[0,75 0,93]  [0,6  0,1 ]  [0,84 0,95]]"
62;[[18, 21], [18, 21], [18, 21], [13, 18, 21], [18, 21]];[[[0,75, 0,93], [0,6, 0,1], [0,84, 0,95]], [[0,42, 0,93], [0,6, 0,1], [0,84, 0,95]], [[0,75, 0,07], [0,6, 0,1], [0,84, 0,95]], [[0,48, 0,75, 0,93], [0,35, 0,6, 0,1], [0,87, 0,84, 0,95]], [[0,75, 0,93], [0,6, 0,1], [0,38, 0,95]]];[78,98025199 80,11234666 80,34524836 79,84570385 78,14035479];[0,90675063 1,6622005  1,38568576 1,05329211 3,13789271];79,48478112934797;78,14035478744248;80,34524836231382;1,3856857590945537;[18 21];"[[0,75 0,07]  [0,6  0,1 ]  [0,84 0,95]]"
63;[[18, 21], [18, 21], [18, 21], [18, 21], [18, 21]];[[[0,75, 0,07], [0,6, 0,1], [0,84, 0,95]], [[0,75, 0,07], [0,6, 0,43], [0,84, 0,95]], [[0,75, 0,07], [0,6, 0,1], [0,84, 0,25]], [[0,75, 0,91], [0,6, 0,1], [0,84, 0,95]], [[0,75, 0,07], [0,6, 0,45], [0,84, 0,95]]];[80,04494229 80,58163428 81,42819905 80,28429286 80,04035565];[2,5635115  1,20860852 0,70172887 1,34054181 1,29407977];80,47588482612844;80,04035564896142;81,42819905161325;0,7017288668884001;[18 21];"[[0,75 0,07]  [0,6  0,1 ]  [0,84 0,25]]"
64;[[18, 21], [26, 18, 21], [18, 21], [4, 21], [18, 21]];[[[0,75, 0,07], [0,6, 0,1], [0,84, 0,25]], [[0,09, 0,75, 0,07], [0,93, 0,6, 0,1], [0,16, 0,84, 0,25]], [[0,39, 0,07], [0,6, 0,1], [0,84, 0,25]], [[0,75, 0,07], [0,6, 0,1], [0,84, 0,25]], [[0,75, 0,07], [0,6, 0,1], [0,96, 0,25]]];[79,88180122 79,33813491 81,04453901 79,92860581 78,76427622];[1,12016334 1,22710177 1,34909191 1,36802924 3,10415047];79,79147143231725;78,76427621628798;81,04453900667737;1,3490919092231954;[18 21];"[[0,39 0,07]  [0,6  0,1 ]  [0,84 0,25]]"
65;[[18, 21], [18, 21], [18, 21], [18, 21], [18, 21]];[[[0,39, 0,07], [0,6, 0,1], [0,84, 0,25]], [[0,39, 0,12], [0,6, 0,1], [0,84, 0,25]], [[0,39, 0,07], [0,6, 0,1], [0,84, 0,14]], [[0,39, 0,07], [0,6, 0,1], [0,84, 0,68]], [[0,39, 0,66], [0,6, 0,1], [0,84, 0,25]]];[79,96524842 81,05559873 80,10338009 79,64168608 79,64861588];[1,24915124 0,65734878 1,09345196 2,14088866 1,96047742];80,0829058421904;79,64168607826355;81,0555987329562;0,6573487756020253;[18 21];"[[0,39 0,12]  [0,6  0,1 ]  [0,84 0,25]]"
66;[[18, 21], [21], [18, 21], [18, 21], [18, 21]];[[[0,39, 0,12], [0,6, 0,1], [0,84, 0,25]], [[0,12], [0,1], [0,25]], [[0,39, 0,12], [0,6, 0,62], [0,84, 0,25]], [[0,39, 0,12], [0,6, 0,1], [0,98, 0,25]], [[0,39, 0,12], [0,32, 0,1], [0,84, 0,25]]];[80,05615566 80,47612356 78,90720999 80,63209726 80,46926595];[1,50444125 0,90156085 3,08740351 2,0576195  0,41759372];80,10817048547722;78,90720999283933;80,63209725817657;2,057619495541533;[18 21];"[[0,39 0,12]  [0,6  0,1 ]  [0,98 0,25]]"
67;[[18, 21], [18, 3], [18, 21], [27, 18, 21], [21]];[[[0,39, 0,12], [0,6, 0,1], [0,98, 0,25]], [[0,39, 0,12], [0,6, 0,1], [0,98, 0,25]], [[0,39, 0,12], [0,6, 0,1], [0,98, 0,37]], [[0,79, 0,39, 0,12], [0,52, 0,6, 0,1], [0,75, 0,98, 0,25]], [[0,12], [0,1], [0,25]]];[81,21340331 79,95045744 81,15110892 80,14408832 78,58990298];[0,72016463 1,3068633  1,04496608 1,65200296 2,90836232];80,20979219521;78,58990298311161;81,21340331197035;0,720164628842727;[18 21];"[[0,39 0,12]  [0,6  0,1 ]  [0,98 0,25]]"
68;[[18, 21], [1, 18, 21], [18], [18, 21], [18]];[[[0,39, 0,12], [0,6, 0,1], [0,98, 0,25]], [[0,59, 0,39, 0,12], [0,32, 0,6, 0,1], [0,97, 0,98, 0,25]], [[0,39], [0,6], [0,98]], [[0,39, 0,12], [0,6, 0,1], [0,98, 0,34]], [[0,39], [0,6], [0,98]]];[80,16360749 80,48989362 79,8637014  81,08345587 79,97449125];[1,52504068 0,79277837 1,29609186 0,96092751 1,08237882];80,31502992698718;79,86370140342733;81,08345587102357;0,9609275094597337;[18 21];"[[0,39 0,12]  [0,6  0,1 ]  [0,98 0,34]]"
69;[[18, 21], [18, 21], [18, 21], [18, 21], [18, 32]];[[[0,39, 0,12], [0,6, 0,1], [0,98, 0,34]], [[0,39, 0,12], [0,6, 0,1], [0,98, 0,97]], [[0,12, 0,12], [0,6, 0,1], [0,98, 0,34]], [[0,26, 0,12], [0,6, 0,1], [0,98, 0,34]], [[0,39, 0,12], [0,6, 0,1], [0,98, 0,34]]];[81,35582489 79,46433969 80,77500316 80,84505363 79,97753824];[0,85763704 1,77965661 0,67607748 0,6980222  0,90254171];80,48355192313137;79,46433969395183;81,35582488724168;0,8576370409691548;[18 21];"[[0,39 0,12]  [0,6  0,1 ]  [0,98 0,34]]"
70;[[18, 21], [10, 21], [18, 21], [21], [20, 21]];[[[0,39, 0,12], [0,6, 0,1], [0,98, 0,34]], [[0,39, 0,12], [0,6, 0,1], [0,98, 0,34]], [[0,39, 0,12], [0,6, 0,23], [0,98, 0,34]], [[0,12], [0,1], [0,34]], [[0,39, 0,12], [0,6, 0,1], [0,98, 0,34]]];[80,27909859 80,01096746 79,96864582 79,85289517 79,99736424];[2,12577244 0,82863448 0,86638878 0,83851691 1,42453096];80,02179425377655;79,85289517146848;80,27909858744445;2,1257724396622226;[18 21];"[[0,39 0,12]  [0,6  0,1 ]  [0,98 0,34]]"
71;[[18, 21], [18, 21], [18, 21], [33, 21], [8, 21]];[[[0,39, 0,12], [0,6, 0,1], [0,98, 0,34]], [[0,39, 0,12], [0,6, 0,05], [0,98, 0,34]], [[0,63, 0,12], [0,6, 0,1], [0,98, 0,34]], [[0,39, 0,12], [0,6, 0,1], [0,98, 0,34]], [[0,39, 0,12], [0,6, 0,1], [0,98, 0,34]]];[80,15596057 79,98550477 80,04910272 79,84391578 79,18809694];[1,2351265  1,18020357 1,60017024 1,50035037 1,07313314];79,84451615541423;79,1880969395362;80,15596056824792;1,2351265030894902;[18 21];"[[0,39 0,12]  [0,6  0,1 ]  [0,98 0,34]]"
72;[[18, 21], [18, 21], [18], [18, 11], [21]];[[[0,39, 0,12], [0,6, 0,1], [0,98, 0,34]], [[0,07, 0,12], [0,6, 0,1], [0,98, 0,34]], [[0,39], [0,6], [0,98]], [[0,39, 0,12], [0,6, 0,1], [0,98, 0,34]], [[0,12], [0,1], [0,34]]];[80,05008104 80,47684339 79,06322814 79,2161248  79,90999497];[1,52070498 1,07924724 3,17372489 1,95217104 1,20769277];79,74325446497944;79,0632281354387;80,4768433860059;1,0792472445755226;[18 21];"[[0,07 0,12]  [0,6  0,1 ]  [0,98 0,34]]"
73;[[18, 21], [18, 21], [0, 18, 21], [18, 21], [18, 21]];[[[0,07, 0,12], [0,6, 0,1], [0,98, 0,34]], [[0,07, 0,12], [0,4, 0,1], [0,98, 0,34]], [[0,66, 0,07, 0,12], [0,31, 0,6, 0,1], [0,28, 0,98, 0,34]], [[0,87, 0,12], [0,6, 0,1], [0,98, 0,34]], [[0,07, 0,8], [0,6, 0,1], [0,98, 0,34]]];[79,22409018 80,3430414  79,86557901 80,89721753 79,67674103];[1,42051475 1,23599855 1,79968588 1,47503069 1,24407732];80,00133382961468;79,22409018023914;80,89721752952971;1,4750306866523082;[18 21];"[[0,87 0,12]  [0,6  0,1 ]  [0,98 0,34]]"
74;[[18, 21], [21], [18, 21], [18, 21], [18, 21]];[[[0,87, 0,12], [0,6, 0,1], [0,98, 0,34]], [[0,12], [0,1], [0,34]], [[0,87, 0,12], [0,6, 0,1], [0,91, 0,34]], [[0,87, 0,12], [0,44, 0,1], [0,98, 0,34]], [[0,87, 0,12], [0,34, 0,1], [0,98, 0,34]]];[80,87506237 79,88455486 79,90205001 80,84228722 79,23199977];[0,97154169 0,67052822 1,32844802 0,99084951 1,52361676];80,14719084901124;79,23199977298358;80,8750623706421;0,9715416945302621;[18 21];"[[0,87 0,12]  [0,6  0,1 ]  [0,98 0,34]]"
75;[[18, 21], [18, 21], [18, 21], [18], [18, 38, 21]];[[[0,87, 0,12], [0,6, 0,1], [0,98, 0,34]], [[0,87, 0,99], [0,6, 0,1], [0,98, 0,34]], [[0,94, 0,12], [0,6, 0,1], [0,98, 0,34]], [[0,87], [0,6], [0,98]], [[0,87, 0,7, 0,12], [0,6, 0,34, 0,1], [0,98, 0,21, 0,34]]];[79,7247453  80,46164336 80,46823932 79,06358383 80,64930789];[1,06873481 1,47903856 1,34550231 1,74104    0,88960605];80,07350393825647;79,0635838346249;80,64930788565337;0,8896060471787025;[18 38 21];"[[0,87 0,7  0,12]  [0,6  0,34 0,1 ]  [0,98 0,21 0,34]]"
76;[[18, 38, 21], [18, 38, 21], [18, 3, 38, 21], [29, 18, 38, 21], [18, 16, 21]];[[[0,87, 0,7, 0,12], [0,6, 0,34, 0,1], [0,98, 0,21, 0,34]], [[0,87, 0,7, 0,12], [0,6, 0,34, 0,67], [0,98, 0,21, 0,34]], [[0,87, 0,04, 0,7, 0,12], [0,6, 0,99, 0,34, 0,1], [0,98, 0,26, 0,21, 0,34]], [[0,92, 0,87, 0,7, 0,12], [0,66, 0,6, 0,34, 0,1], [0,52, 0,98, 0,21, 0,34]], [[0,87, 0,7, 0,12], [0,6, 0,34, 0,1], [0,98, 0,21, 0,34]]];[78,79322668 79,96662153 80,09620334 78,59442639 79,54504777];[1,75723669 1,15484031 2,33040634 1,7395174  1,28650679];79,39910514312942;78,59442638947476;80,0962033413821;2,3304063421674295;[18  3 38 21];"[[0,87 0,04 0,7  0,12]  [0,6  0,99 0,34 0,1 ]  [0,98 0,26 0,21 0,34]]"
77;[[18, 3, 38, 21], [18, 3, 21], [18, 3, 38, 18, 21], [18, 3, 21], [18, 3, 38, 21]];[[[0,87, 0,04, 0,7, 0,12], [0,6, 0,99, 0,34, 0,1], [0,98, 0,26, 0,21, 0,34]], [[0,87, 0,04, 0,12], [0,6, 0,99, 0,1], [0,98, 0,26, 0,34]], [[0,87, 0,04, 0,7, 0,72, 0,12], [0,6, 0,99, 0,34, 0,54, 0,1], [0,98, 0,26, 0,21, 0,74, 0,34]], [[0,87, 0,04, 0,12], [0,6, 0,99, 0,1], [0,98, 0,26, 0,34]], [[0,87, 0,04, 0,7, 0,12], [0,6, 0,99, 0,34, 0,87], [0,98, 0,26, 0,21, 0,34]]];[80,09185361 80,66406809 80,74069983 80,71762343 78,30621295];[0,42794861 1,20124579 0,89924271 1,01886383 3,56817881];80,1040915807122;78,30621294669828;80,74069982852599;0,8992427052488667;[18  3 38 18 21];"[[0,87 0,04 0,7  0,72 0,12]  [0,6  0,99 0,34 0,54 0,1 ]  [0,98 0,26 0,21 0,74 0,34]]"
78;[[18, 3, 38, 18, 21], [18, 3, 38, 18, 16], [18, 3, 20, 18, 21], [18, 3, 18, 21], [18, 3, 38, 18]];[[[0,87, 0,04, 0,7, 0,72, 0,12], [0,6, 0,99, 0,34, 0,54, 0,1], [0,98, 0,26, 0,21, 0,74, 0,34]], [[0,87, 0,04, 0,7, 0,72, 0,12], [0,6, 0,99, 0,34, 0,54, 0,1], [0,98, 0,26, 0,21, 0,74, 0,34]], [[0,87, 0,04, 0,7, 0,72, 0,12], [0,6, 0,99, 0,34, 0,54, 0,1], [0,98, 0,26, 0,21, 0,74, 0,34]], [[0,87, 0,04, 0,72, 0,12], [0,6, 0,99, 0,54, 0,1], [0,98, 0,26, 0,74, 0,34]], [[0,87, 0,04, 0,7, 0,72], [0,6, 0,99, 0,34, 0,54], [0,98, 0,26, 0,21, 0,74]]];[79,8792802  79,7702487  79,78899701 80,17177882 79,63634815];[1,08726951 1,08672514 1,83266289 0,81302461 0,49129573];79,84933057530264;79,63634814883575;80,17177881954774;0,813024608254467;[18  3 18 21];"[[0,87 0,04 0,72 0,12]  [0,6  0,99 0,54 0,1 ]  [0,98 0,26 0,74 0,34]]"
79;[[18, 3, 18, 21], [18, 3, 21], [18, 3, 18, 21], [18, 3, 18], [18, 3, 21]];[[[0,87, 0,04, 0,72, 0,12], [0,6, 0,99, 0,54, 0,1], [0,98, 0,26, 0,74, 0,34]], [[0,87, 0,04, 0,12], [0,6, 0,99, 0,1], [0,98, 0,26, 0,34]], [[0,87, 0,04, 0,72, 0,57], [0,6, 0,99, 0,54, 0,1], [0,98, 0,26, 0,74, 0,34]], [[0,87, 0,04, 0,72], [0,6, 0,99, 0,54], [0,98, 0,26, 0,74]], [[0,87, 0,04, 0,12], [0,6, 0,99, 0,1], [0,98, 0,26, 0,34]]];[80,2258971  80,66359612 79,78720289 80,13439104 80,47626536];[2,54216464 1,45734614 1,79854281 0,80546061 0,60580363];80,25747050156895;79,7872028933338;80,66359612354731;1,4573461423767566;[18  3 21];"[[0,87 0,04 0,12]  [0,6  0,99 0,1 ]  [0,98 0,26 0,34]]"
80;[[18, 3, 21], [18, 3], [18, 34, 21], [18, 8, 3, 21], [16, 3, 21]];[[[0,87, 0,04, 0,12], [0,6, 0,99, 0,1], [0,98, 0,26, 0,34]], [[0,87, 0,04], [0,6, 0,99], [0,98, 0,26]], [[0,87, 0,04, 0,12], [0,6, 0,99, 0,1], [0,98, 0,26, 0,34]], [[0,87, 0,04, 0,04, 0,12], [0,6, 0,46, 0,99, 0,1], [0,98, 0,96, 0,26, 0,34]], [[0,87, 0,04, 0,12], [0,6, 0,99, 0,1], [0,98, 0,26, 0,34]]];[79,97177936 79,74679451 79,97631225 80,71635269 79,16355814];[1,28483631 0,95446648 1,40723488 0,71064312 0,79618401];79,91495938963003;79,16355813813665;80,71635269104988;0,710643121667493;[18  8  3 21];"[[0,87 0,04 0,04 0,12]  [0,6  0,46 0,99 0,1 ]  [0,98 0,96 0,26 0,34]]"
81;[[18, 8, 3, 21], [18, 8, 3, 21], [18, 8, 21], [18, 8, 21], [18, 8, 15, 21]];[[[0,87, 0,04, 0,04, 0,12], [0,6, 0,46, 0,99, 0,1], [0,98, 0,96, 0,26, 0,34]], [[0,87, 0,04, 0,04, 0,12], [0,6, 0,46, 0,99, 0,1], [0,18, 0,96, 0,26, 0,34]], [[0,87, 0,04, 0,12], [0,6, 0,46, 0,1], [0,98, 0,96, 0,34]], [[0,87, 0,04, 0,12], [0,6, 0,46, 0,1], [0,98, 0,96, 0,34]], [[0,87, 0,04, 0,04, 0,12], [0,6, 0,46, 0,99, 0,1], [0,98, 0,96, 0,26, 0,34]]];[80,40197017 80,21083119 80,07996436 80,86203524 79,86824643];[1,07793529 1,86668151 0,75105619 1,35645516 1,19979552];80,28460947590398;79,86824642654715;80,86203523539224;1,3564551575662716;[18  8 21];"[[0,87 0,04 0,12]  [0,6  0,46 0,1 ]  [0,98 0,96 0,34]]"
82;[[18, 8, 21], [8, 21], [8, 21], [18, 8, 16], [18, 8, 21]];[[[0,87, 0,04, 0,12], [0,6, 0,46, 0,1], [0,98, 0,96, 0,34]], [[0,04, 0,12], [0,46, 0,1], [0,96, 0,34]], [[0,04, 0,12], [0,46, 0,1], [0,96, 0,34]], [[0,87, 0,04, 0,12], [0,6, 0,46, 0,1], [0,98, 0,96, 0,34]], [[0,87, 0,45, 0,12], [0,6, 0,46, 0,1], [0,98, 0,96, 0,34]]];[80,76640866 80,43979891 79,89761636 79,19175434 79,81607049];[1,05696413 0,78068052 1,11569909 1,39628888 0,86720697];80,02232975130909;79,19175433836114;80,76640865558112;1,0569641298087267;[18  8 21];"[[0,87 0,04 0,12]  [0,6  0,46 0,1 ]  [0,98 0,96 0,34]]"
83;[[18, 8, 21], [18, 8, 21], [18, 37, 21], [18, 8], [18, 8, 21]];[[[0,87, 0,04, 0,12], [0,6, 0,46, 0,1], [0,98, 0,96, 0,34]], [[0,87, 0,04, 0,12], [0,6, 0,94, 0,1], [0,98, 0,96, 0,34]], [[0,87, 0,04, 0,12], [0,6, 0,46, 0,1], [0,98, 0,96, 0,34]], [[0,87, 0,04], [0,6, 0,46], [0,98, 0,96]], [[0,87, 0,04, 0,12], [0,6, 0,46, 0,1], [0,98, 0,34, 0,34]]];[80,33326689 80,14136614 80,96279424 79,8064583  79,20455533];[1,96958725 1,23080846 0,53724781 1,49085884 2,14480805];80,08968818049279;79,2045553266219;80,96279424038796;0,5372478145563295;[18 37 21];"[[0,87 0,04 0,12]  [0,6  0,46 0,1 ]  [0,98 0,96 0,34]]"
84;[[18, 37, 21], [18, 37, 21], [18, 37, 15], [37, 21], [18, 37, 21]];[[[0,87, 0,04, 0,12], [0,6, 0,46, 0,1], [0,98, 0,96, 0,34]], [[0,2, 0,04, 0,12], [0,6, 0,46, 0,1], [0,98, 0,96, 0,34]], [[0,87, 0,04, 0,12], [0,6, 0,46, 0,1], [0,98, 0,96, 0,34]], [[0,04, 0,12], [0,46, 0,1], [0,96, 0,34]], [[0,87, 0,04, 0,12], [0,56, 0,46, 0,1], [0,98, 0,96, 0,34]]];[80,72986763 79,56978222 80,02648788 79,59953103 79,32666601];[1,25247853 2,40249861 1,38803044 2,21582234 3,49357423];79,85046695490021;79,32666600958997;80,72986762748592;1,252478534172317;[18 37 21];"[[0,87 0,04 0,12]  [0,6  0,46 0,1 ]  [0,98 0,96 0,34]]"
85;[[18, 37, 21], [18, 8, 21], [18, 37, 21], [37, 21], [18, 37, 21]];[[[0,87, 0,04, 0,12], [0,6, 0,46, 0,1], [0,98, 0,96, 0,34]], [[0,87, 0,04, 0,12], [0,6, 0,46, 0,1], [0,98, 0,96, 0,34]], [[0,87, 0,43, 0,12], [0,6, 0,46, 0,1], [0,98, 0,96, 0,34]], [[0,04, 0,12], [0,46, 0,1], [0,96, 0,34]], [[0,87, 0,04, 0,12], [0,6, 0,46, 0,22], [0,98, 0,96, 0,34]]];[80,47761579 80,04668452 79,87823435 78,36130031 79,89330696];[1,30399149 1,48371178 1,09946547 2,44200932 0,85937996];79,73142838463497;78,3613003126519;80,47761579278824;1,3039914879813828;[18 37 21];"[[0,87 0,04 0,12]  [0,6  0,46 0,1 ]  [0,98 0,96 0,34]]"
86;[[18, 37, 21], [7, 37, 21], [18, 37, 21], [37, 21], [18, 37, 21]];[[[0,87, 0,04, 0,12], [0,6, 0,46, 0,1], [0,98, 0,96, 0,34]], [[0,87, 0,04, 0,12], [0,6, 0,46, 0,1], [0,98, 0,96, 0,34]], [[0,87, 0,04, 0,12], [0,6, 0,46, 0,7], [0,98, 0,96, 0,34]], [[0,04, 0,12], [0,46, 0,1], [0,96, 0,34]], [[0,87, 0,04, 0,12], [0,6, 0,46, 0,1], [0,67, 0,96, 0,34]]];[80,734522   79,90174664 78,97434477 79,48450028 80,77478502];[0,72796027 0,49114219 1,24198448 0,85268766 1,06312102];79,97397974164349;78,97434476604086;80,77478502234045;1,0631210195346201;[18 37 21];"[[0,87 0,04 0,12]  [0,6  0,46 0,1 ]  [0,67 0,96 0,34]]"
87;[[18, 37, 21], [18, 37, 21], [18, 37, 21], [18, 37, 21], [18, 37, 21]];[[[0,87, 0,04, 0,12], [0,6, 0,46, 0,1], [0,67, 0,96, 0,34]], [[0,87, 0,04, 0,39], [0,6, 0,46, 0,1], [0,67, 0,96, 0,34]], [[0,12, 0,04, 0,12], [0,6, 0,46, 0,1], [0,67, 0,96, 0,34]], [[0,87, 0,04, 0,12], [0,6, 0,46, 0,59], [0,67, 0,96, 0,34]], [[0,68, 0,04, 0,12], [0,6, 0,46, 0,1], [0,67, 0,96, 0,34]]];[78,81420786 81,0556106  80,04552421 80,96238236 79,70120748];[2,64590603 0,92595067 0,95508847 1,6909195  1,73349023];80,11578650274754;78,81420785773652;81,05561059626805;0,9259506671287742;[18 37 21];"[[0,87 0,04 0,39]  [0,6  0,46 0,1 ]  [0,67 0,96 0,34]]"
88;[[18, 37, 21], [18, 37, 21], [18, 37, 21], [18, 37, 21], [18, 37, 21]];[[[0,87, 0,04, 0,39], [0,6, 0,46, 0,1], [0,67, 0,96, 0,34]], [[0,87, 0,04, 0,39], [0,6, 0,46, 0,1], [0,48, 0,96, 0,34]], [[0,87, 0,04, 0,39], [0,6, 0,46, 0,1], [0,67, 0,84, 0,34]], [[0,87, 0,04, 0,39], [0,0, 0,46, 0,1], [0,67, 0,96, 0,34]], [[0,87, 0,04, 0,39], [0,6, 0,46, 0,1], [0,67, 0,07, 0,34]]];[80,66372882 81,69994597 80,67274521 81,08469373 80,65997731];[1,30611202 0,85762499 0,71946945 0,9678986  1,87654561];80,95621820764775;80,65997731286025;81,69994597209474;0,8576249949338955;[18 37 21];"[[0,87 0,04 0,39]  [0,6  0,46 0,1 ]  [0,48 0,96 0,34]]"
89;[[18, 37, 21], [18, 21], [18, 37, 21], [18, 37, 21], [37, 21]];[[[0,87, 0,04, 0,39], [0,6, 0,46, 0,1], [0,48, 0,96, 0,34]], [[0,87, 0,39], [0,6, 0,1], [0,48, 0,34]], [[0,87, 0,04, 0,39], [0,48, 0,46, 0,1], [0,48, 0,96, 0,34]], [[0,87, 0,04, 0,77], [0,6, 0,46, 0,1], [0,48, 0,96, 0,34]], [[0,04, 0,39], [0,46, 0,1], [0,96, 0,34]]];[81,1044967  79,41148432 80,68295066 81,27731037 81,29377745];[0,82250558 1,87695859 1,295822   0,52125504 0,92244945];80,75400390096891;79,41148431862447;81,2937774536664;0,9224494543433391;[37 21];"[[0,04 0,39]  [0,46 0,1 ]  [0,96 0,34]]"
90;[[37, 21], [37, 21], [2, 37, 21], [37, 21], [37, 31, 21]];[[[0,04, 0,39], [0,46, 0,1], [0,96, 0,34]], [[0,04, 0,82], [0,46, 0,1], [0,96, 0,34]], [[0,62, 0,04, 0,39], [0,27, 0,46, 0,1], [0,65, 0,96, 0,34]], [[0,04, 0,39], [0,46, 0,1], [0,79, 0,34]], [[0,04, 0,9, 0,39], [0,46, 0,95, 0,1], [0,96, 0,42, 0,34]]];[79,99172103 79,04000965 79,63480603 80,31773322 78,13162253];[1,88807466 2,25413159 1,49880874 1,52640875 1,65859609];79,42317849394973;78,13162252824945;80,31773322395782;1,526408754591085;[37 21];"[[0,04 0,39]  [0,46 0,1 ]  [0,79 0,34]]"
91;[[37, 21], [21], [37, 21], [37, 21], [37, 21]];[[[0,04, 0,39], [0,46, 0,1], [0,79, 0,34]], [[0,39], [0,1], [0,34]], [[0,04, 0,39], [0,28, 0,1], [0,79, 0,34]], [[0,04, 0,39], [0,46, 0,1], [0,79, 0,58]], [[0,04, 0,32], [0,46, 0,1], [0,79, 0,34]]];[80,67677542 79,9281481  79,87904271 79,58166984 80,78172286];[1,16203755 1,38400295 1,75962235 1,83367042 0,98814042];80,1694717859703;79,58166983619026;80,7817228644671;0,9881404242277717;[37 21];"[[0,04 0,32]  [0,46 0,1 ]  [0,79 0,34]]"
92;[[37, 21], [37], [37, 21], [37, 21], [21]];[[[0,04, 0,32], [0,46, 0,1], [0,79, 0,34]], [[0,04], [0,46], [0,79]], [[0,04, 0,32], [0,46, 0,2], [0,79, 0,34]], [[0,04, 0,32], [0,46, 0,1], [0,0, 0,34]], [[0,32], [0,1], [0,34]]];[80,74009413 78,64331234 80,53018795 80,71562224 80,24772958];[0,64953394 0,30933774 0,5041474  0,37071195 1,79950247];80,1753892469057;78,64331234463766;80,74009412825149;0,6495339413876067;[37 21];"[[0,04 0,32]  [0,46 0,1 ]  [0,79 0,34]]"
93;[[37, 21], [21], [37, 0], [37, 21], [37, 21]];[[[0,04, 0,32], [0,46, 0,1], [0,79, 0,34]], [[0,32], [0,1], [0,34]], [[0,04, 0,32], [0,46, 0,1], [0,79, 0,34]], [[0,04, 0,32], [0,46, 0,17], [0,79, 0,34]], [[0,69, 0,32], [0,46, 0,1], [0,79, 0,34]]];[81,01200955 78,50336366 78,47838631 79,74214381 80,54539962];[0,58830688 3,56179454 0,61081601 1,51101403 0,79772622];79,65626058921677;78,47838631050912;81,01200955063857;0,5883068824699649;[37 21];"[[0,04 0,32]  [0,46 0,1 ]  [0,79 0,34]]"
94;[[37, 21], [37, 3, 21], [21], [37], [37, 21]];[[[0,04, 0,32], [0,46, 0,1], [0,79, 0,34]], [[0,04, 0,79, 0,32], [0,46, 0,18, 0,1], [0,79, 0,37, 0,34]], [[0,32], [0,1], [0,34]], [[0,04], [0,46], [0,79]], [[0,04, 0,32], [0,46, 0,1], [0,79, 0,12]]];[81,29139377 79,6216399  80,36425439 78,80225613 80,00080136];[0,75393041 0,55588008 1,40287528 1,43181916 0,71849839];80,01606911099486;78,80225613203864;81,29139377179946;0,7539304099346195;[37 21];"[[0,04 0,32]  [0,46 0,1 ]  [0,79 0,34]]"
95;[[37, 21], [37], [37, 21], [37, 21], [37, 21]];[[[0,04, 0,32], [0,46, 0,1], [0,79, 0,34]], [[0,04], [0,46], [0,79]], [[0,04, 0,54], [0,46, 0,1], [0,79, 0,34]], [[0,04, 0,81], [0,46, 0,1], [0,79, 0,34]], [[0,04, 0,32], [0,68, 0,1], [0,79, 0,34]]];[80,48896717 78,47368604 80,3193265  80,49472988 78,95725849];[0,50677818 0,95921298 2,13232984 0,53762451 2,11907254];79,74679361763984;78,4736860413769;80,49472988397793;0,5376245107165359;[37 21];"[[0,04 0,81]  [0,46 0,1 ]  [0,79 0,34]]"
96;[[37, 21], [26, 21], [37, 21], [37, 11], [20, 21]];[[[0,04, 0,81], [0,46, 0,1], [0,79, 0,34]], [[0,04, 0,81], [0,46, 0,1], [0,79, 0,34]], [[0,04, 0,81], [0,46, 0,1], [0,9, 0,34]], [[0,04, 0,81], [0,46, 0,1], [0,79, 0,34]], [[0,04, 0,81], [0,46, 0,1], [0,79, 0,34]]];[79,64607017 79,77836466 80,33959146 79,40318511 80,34827873];[1,39102147 1,13946734 0,6309665  0,97313963 1,27036562];79,90309802823616;79,40318510848454;80,34827873409208;1,27036562436236;[20 21];"[[0,04 0,81]  [0,46 0,1 ]  [0,79 0,34]]"
97;[[20, 21], [21], [20, 21], [20, 21], [20, 21]];[[[0,04, 0,81], [0,46, 0,1], [0,79, 0,34]], [[0,81], [0,1], [0,34]], [[0,04, 0,5], [0,46, 0,1], [0,79, 0,34]], [[0,04, 0,81], [0,85, 0,1], [0,79, 0,34]], [[0,04, 0,87], [0,46, 0,1], [0,79, 0,34]]];[80,96071786 80,64253063 80,10553028 81,1400506  81,04622014];[0,64108825 1,44599184 0,5009156  1,40251512 1,08252334];80,7790099041754;80,10553028111535;81,140050603849;1,4025151170259245;[20 21];"[[0,04 0,81]  [0,85 0,1 ]  [0,79 0,34]]"
98;[[20, 21], [21], [32, 21], [20, 34, 21], [20, 21]];[[[0,04, 0,81], [0,85, 0,1], [0,79, 0,34]], [[0,81], [0,1], [0,34]], [[0,04, 0,81], [0,85, 0,1], [0,79, 0,34]], [[0,04, 0,71, 0,81], [0,85, 0,8, 0,1], [0,79, 0,73, 0,34]], [[0,04, 0,81], [0,85, 0,1], [0,79, 0,55]]];[80,2992362  79,90365145 78,89326703 79,92323747 80,74437106];[1,06541992 2,05238074 1,78764184 0,91142434 1,15824773];79,95275264375847;78,89326703012158;80,74437105979285;1,1582477336720456;[20 21];"[[0,04 0,81]  [0,85 0,1 ]  [0,79 0,55]]"
99;[[20, 21], [20, 21], [20, 29], [17, 21], [20, 21]];[[[0,04, 0,81], [0,85, 0,1], [0,79, 0,55]], [[0,04, 0,81], [0,85, 0,1], [0,74, 0,55]], [[0,04, 0,81], [0,85, 0,1], [0,79, 0,55]], [[0,04, 0,81], [0,85, 0,1], [0,79, 0,55]], [[0,04, 0,81], [0,85, 0,01], [0,79, 0,55]]];[80,2819249  78,62078542 78,90751454 81,00478329 81,02645612];[1,03809218 2,32429249 1,00189112 0,62725283 0,56465795];79,96829285430003;78,62078542206078;81,02645611641442;0,5646579472581219;[20 21];"[[0,04 0,81]  [0,85 0,01]  [0,79 0,55]]"
